Particle ID,Size/nm,Diffusion coefficient/nm^2 s^-1,Normalised intensity/AU,Start frame,Tracklength,Included in distribution?,
3,13.455,3.73915e+007,0.85868,0,2,False,
4,13.8942,3.62097e+007,0.185204,1,2,False,
6,5498.14,91504.3,0.209688,0,2,False,
13,92.1243,5.46113e+006,1.78559,0,2,False,
14,58.6894,8.5723e+006,2.92394,0,40,True,
16,224.684,2.23916e+006,1.49104,0,445,True,
42,49.7312,1.01164e+007,2.93547,4,10,True,
53,21.7041,2.31801e+007,0.246934,7,2,False,
58,58.7696,8.56059e+006,0.169929,8,2,False,
60,398.333,1.26302e+006,0.687887,9,2,False,
61,1530.89,328635,0.189777,9,2,False,
63,18.03,2.79037e+007,0.610784,9,2,False,
68,62.6493,8.03046e+006,0.500014,10,2,False,
74,46.7107,1.07706e+007,1.1969,12,2,False,
80,67.2868,7.47699e+006,0.43212,13,2,False,
81,15.3569,3.27608e+007,0.879334,13,2,False,
84,57.0925,8.81207e+006,4.3768,13,7,True,
93,93.2461,5.39544e+006,0.0636521,14,2,False,
94,88.3826,5.69233e+006,0.0853716,14,2,False,
96,4936.2,101921,0.61479,14,2,False,
97,2967.2,169555,0.390091,14,2,False,
98,183.109,2.74756e+006,0.0773564,14,2,False,
99,12.7177,3.95592e+007,0.104279,14,2,False,
101,231.142,2.1766e+006,0.869486,15,2,False,
109,212.864,2.3635e+006,0.544103,16,2,False,
113,17.3761,2.89537e+007,0.0961967,17,2,False,
114,96.471,5.21507e+006,0.668357,17,3,False,
115,8926.89,56358.2,0.149232,18,2,False,
119,99.777,5.04227e+006,0.0873024,19,8,True,
130,143.762,3.49956e+006,0.213831,27,2,False,
136,62.3473,8.06937e+006,3.80426,21,30,True,
156,7937.43,63383.7,0.150392,28,2,False,
158,21.6389,2.325e+007,1.70229,28,2,False,
166,183.758,2.73786e+006,0.217271,21,6,True,
168,23.9577,2.09996e+007,2.27423,30,3,False,
170,161.96,3.10633e+006,0.153659,31,2,False,
171,31.5532,1.59446e+007,1.37301,31,4,False,
181,27.7679,1.81181e+007,0.285216,32,2,False,
191,186.447,2.69837e+006,0.355927,33,2,False,
200,19.2113,2.61878e+007,0.152665,34,2,False,
221,16.5842,3.03363e+007,0.708978,37,4,False,
222,12.9953,3.87142e+007,0.162544,38,2,False,
223,136.596,3.68314e+006,0.311269,38,2,False,
227,44.1652,1.13914e+007,0.0628565,38,2,False,
228,19.8873,2.52977e+007,1.58511,38,2,False,
231,33.2307,1.51397e+007,0.771705,39,2,False,
234,15.4745,3.25118e+007,0.750346,39,2,False,
239,41.0288,1.22622e+007,0.284967,40,2,False,
244,113.377,4.43744e+006,3.46573,41,6,True,
251,29.2751,1.71854e+007,0.0684768,42,2,False,
256,103.688,4.85207e+006,0.502816,43,2,False,
262,29.5271,1.70387e+007,0.996312,44,2,False,
263,31.3338,1.60563e+007,0.0784311,44,2,False,
266,373.607,1.34661e+006,0.999706,44,2,False,
267,116.823,4.30654e+006,1.57856,44,2,False,
283,30.9494,1.62557e+007,0.260789,46,2,False,
304,15.2027,3.3093e+007,2.16027,47,2,False,
309,291.332,1.7269e+006,0.380025,49,3,False,
312,15.5788,3.22941e+007,1.29195,49,2,False,
313,389.934,1.29023e+006,1.61857,50,4,False,
330,1393.63,361003,2.40159,51,2,False,
339,200.585,2.50818e+006,0.0688654,52,2,False,
345,17.5893,2.86028e+007,0.340728,53,2,False,
346,326.379,1.54147e+006,0.748564,53,2,False,
348,35.4624,1.4187e+007,0.169026,53,2,False,
349,39.5439,1.27226e+007,1.00098,53,3,False,
360,19.7057,2.55309e+007,0.0769185,54,2,False,
361,43.4478,1.15795e+007,1.3192,54,2,False,
362,89.7509,5.60555e+006,0.202685,55,3,False,
366,14.3085,3.51612e+007,0.903106,55,2,False,
367,78.1512,6.43756e+006,3.15542,55,7,True,
376,29.9784,1.67822e+007,0.124121,57,2,False,
378,35.1634,1.43076e+007,2.30704,57,5,True,
388,225.263,2.2334e+006,0.541002,59,2,False,
389,21.1333,2.38061e+007,0.145923,59,2,False,
390,65.0734,7.73132e+006,0.385605,60,10,True,
393,78.6546,6.39636e+006,0.846303,60,2,False,
404,118.344,4.2512e+006,0.303495,61,4,False,
411,916.21,549114,2.18199,63,5,False,
413,2470.33,203658,0.24133,63,2,False,
415,39.749,1.2657e+007,0.390029,63,3,False,
416,73.1089,6.88156e+006,0.951399,63,2,False,
418,8248.21,60995.4,4.34353,90,2,False,
427,59.8611,8.40451e+006,0.317752,65,6,True,
440,74.4128,6.76098e+006,2.63812,68,5,True,
457,91.6185,5.49128e+006,4.37824,73,5,True,
459,1210.73,415538,0.1618,74,4,False,
462,444.659,1.13143e+006,0.718688,74,3,False,
481,118.657,4.23997e+006,0.201943,78,9,True,
485,12.1669,4.13503e+007,1.81131,78,2,False,
486,42.5113,1.18346e+007,1.84732,78,2,False,
494,236.433,2.12789e+006,4.51577,80,5,False,
501,47.5702,1.0576e+007,0.112859,82,2,False,
508,2910.38,172865,3.50623,85,2,False,
509,63.9156,7.87136e+006,0.993653,85,2,False,
525,62.6863,8.02572e+006,1.90818,88,2,False,
527,28315.7,17767.7,2.99013,89,2,False,
534,18.7139,2.68839e+007,0.800723,89,2,False,
535,14.8611,3.38538e+007,0.498734,89,2,False,
537,41.5048,1.21216e+007,0.231507,90,2,False,
546,27.2937,1.84329e+007,3.01797,91,10,True,
547,28315.7,17767.7,1.01381,117,2,False,
548,49.5383,1.01558e+007,2.66536,63,27,True,
554,110.868,4.53785e+006,2.29959,94,3,False,
555,56.4272,8.91596e+006,0.694959,95,2,False,
556,16.5589,3.03827e+007,1.38225,95,2,False,
560,166.064,3.02956e+006,0.13745,97,2,False,
567,137.439,3.66055e+006,0.198776,99,10,True,
569,13.5179,3.72176e+007,0.180249,99,2,False,
577,26.4556,1.90169e+007,3.0007,101,3,False,
578,77.6727,6.47722e+006,1.3835,101,3,False,
586,13.3607,3.76554e+007,2.6377,102,2,False,
601,77.1734,6.51912e+006,0.184874,104,4,False,
603,74.6688,6.73779e+006,2.36382,104,3,False,
604,1214.62,414205,0.852294,104,2,False,
614,70.8457,7.1014e+006,4.36125,107,3,False,
622,100.622,4.99995e+006,0.804593,109,2,False,
624,219.541,2.29161e+006,0.0745,112,2,False,
627,30.9325,1.62646e+007,0.250273,110,2,False,
635,28.2997,1.77777e+007,1.09083,112,2,False,
638,23.3126,2.15807e+007,0.280523,112,2,False,
639,21.9015,2.29711e+007,0.847949,112,3,False,
640,28315.7,17767.7,0.428573,112,2,False,
647,23.6099,2.1309e+007,0.596646,113,2,False,
649,167.914,2.9962e+006,2.43145,113,2,False,
650,285.216,1.76393e+006,0.769311,113,2,False,
652,96.6684,5.20442e+006,0.645719,114,3,False,
655,81.4478,6.177e+006,1.8825,114,2,False,
656,215.564,2.33389e+006,0.167436,110,2,False,
660,326.113,1.54273e+006,2.01823,115,3,False,
661,16.5781,3.03475e+007,0.379873,116,2,False,
666,875.415,574702,0.711823,118,2,False,
667,47.1088,1.06796e+007,2.28039,118,22,True,
674,45.3005,1.11059e+007,2.63714,92,25,True,
680,24.8187,2.02711e+007,0.588381,120,2,False,
681,38.3838,1.31072e+007,1.58272,120,5,True,
687,224.341,2.24258e+006,0.337323,121,6,False,
689,108.698,4.62844e+006,0.174887,121,9,True,
695,13.9414,3.6087e+007,1.11448,121,2,False,
700,114.247,4.40364e+006,0.586798,123,23,True,
701,23.0064,2.1868e+007,0.625169,123,2,False,
707,37.6133,1.33757e+007,1.29971,126,4,False,
711,110.994,4.53272e+006,1.19574,127,2,False,
714,38.0563,1.322e+007,0.807431,127,2,False,
719,38.5359,1.30554e+007,1.39483,130,5,True,
720,100.036,5.02922e+006,0.284777,131,11,True,
725,88.6801,5.67323e+006,0.0809152,132,5,True,
730,555.742,905281,1.36697,134,5,False,
732,26.8903,1.87095e+007,0.638039,135,2,False,
734,83.5337,6.02276e+006,0.58646,135,2,False,
749,25.417,1.9794e+007,2.78258,139,3,False,
750,94.0419,5.34978e+006,0.180015,142,2,False,
761,120.578,4.17242e+006,2.71399,140,6,True,
767,19.0129,2.64612e+007,0.111848,142,2,False,
771,20.0384,2.51069e+007,2.26391,142,2,False,
782,109.569,4.59165e+006,0.0585032,139,3,False,
783,28.7374,1.75069e+007,1.23081,145,2,False,
790,23.1039,2.17757e+007,2.22371,145,3,False,
793,799.17,629532,0.311173,146,2,False,
795,78.1523,6.43747e+006,0.334838,147,2,False,
800,13.221,3.80534e+007,1.95244,148,2,False,
807,34.492,1.45861e+007,1.3493,149,2,False,
809,172.972,2.90859e+006,1.23622,150,2,False,
810,57.8635,8.69465e+006,0.812689,150,3,False,
811,189.236,2.6586e+006,0.199953,150,2,False,
830,20.467,2.45812e+007,1.6571,152,2,False,
833,62.1293,8.09767e+006,1.26302,152,3,False,
835,16.4726,3.05419e+007,1.99523,153,3,False,
846,7187.86,69993.4,2.38122,155,2,False,
852,47.2384,1.06503e+007,1.97649,156,2,False,
853,97.5677,5.15645e+006,0.652918,158,2,False,
859,111.371,4.51735e+006,0.227499,158,16,True,
861,23.7133,2.12161e+007,1.10069,158,2,False,
864,35.3261,1.42417e+007,3.94499,158,2,False,
872,22.0242,2.28432e+007,0.657247,156,2,False,
875,895.634,561728,1.76121,161,2,False,
876,111.454,4.51401e+006,1.68169,161,2,False,
879,51.5923,9.75152e+006,0.488632,163,2,False,
882,17.158,2.93217e+007,0.946161,163,2,False,
883,308.327,1.63172e+006,0.610693,163,4,False,
884,234.677,2.14381e+006,1.29216,163,2,False,
894,117.267,4.29025e+006,1.41458,165,2,False,
895,31.7408,1.58503e+007,1.67247,165,2,False,
898,29.3676,1.71312e+007,0.630611,166,3,False,
902,829.542,606483,0.568679,166,2,False,
914,40.3741,1.2461e+007,1.74701,168,6,True,
916,13.035,3.85964e+007,0.218782,168,2,False,
921,78.6428,6.39732e+006,4.96966,169,2,False,
923,14.7372,3.41384e+007,0.177014,169,2,False,
933,35.4783,1.41806e+007,0.687082,171,4,False,
934,45.7059,1.10074e+007,0.298869,171,2,False,
936,14.792,3.40119e+007,1.07206,171,2,False,
937,18.0852,2.78185e+007,3.70659,171,2,False,
938,20.8718,2.41044e+007,0.285572,172,2,False,
945,81.6416,6.16234e+006,0.650891,172,2,False,
949,29.723,1.69264e+007,0.218971,172,3,False,
950,38.7275,1.29909e+007,0.555087,172,3,False,
952,19.0647,2.63892e+007,0.0520835,173,2,False,
953,593.177,848149,0.843922,173,2,False,
955,179.776,2.7985e+006,1.92696,173,4,False,
957,30.5303,1.64788e+007,1.69473,174,2,False,
973,3726.17,135019,0.308999,175,2,False,
985,45.3656,1.109e+007,0.25655,177,2,False,
989,222.302,2.26315e+006,0.369129,177,2,False,
993,24.4894,2.05437e+007,2.27423,177,3,False,
1007,17.4111,2.88955e+007,1.54872,179,2,False,
1008,152.03,3.30924e+006,0.183415,180,2,False,
1012,124.253,4.04904e+006,0.243534,182,6,True,
1022,13.2214,3.80522e+007,4.76775,184,2,False,
1026,137.026,3.67159e+006,0.774843,185,2,False,
1030,88.4618,5.68723e+006,0.68956,186,2,False,
1041,16.471,3.05447e+007,1.24824,188,2,False,
1043,102.654,4.90096e+006,0.142971,189,4,False,
1045,22.8859,2.19831e+007,0.461318,189,2,False,
1046,38.8229,1.29589e+007,2.42675,189,3,False,
1052,153.467,3.27825e+006,0.812803,190,2,False,
1053,324.234,1.55167e+006,0.153752,191,4,False,
1062,28315.7,17767.7,2.07568,193,2,False,
1068,479.842,1.04848e+006,0.825207,193,2,False,
1070,20.4967,2.45456e+007,0.549397,194,2,False,
1075,86.1222,5.84173e+006,0.257883,195,2,False,
1076,210.667,2.38814e+006,0.341651,195,2,False,
1082,774.603,649498,0.0397023,197,2,False,
1083,26.7213,1.88278e+007,0.491682,197,2,False,
1092,235.337,2.1378e+006,5.31031,198,2,False,
1093,111.019,4.53167e+006,0.309032,199,3,False,
1099,101.233,4.96977e+006,4.27599,201,2,False,
1102,49.1988,1.02259e+007,0.606362,203,2,False,
1103,118.526,4.24465e+006,0.878509,203,2,False,
1104,22.8281,2.20388e+007,3.17204,203,2,False,
1106,62.0178,8.11223e+006,3.67092,203,13,True,
1110,146.954,3.42353e+006,0.14678,205,2,False,
1112,12.4332,4.04644e+007,1.26123,207,2,False,
1140,178.064,2.82541e+006,0.840702,215,4,False,
1143,154.293,3.2607e+006,3.26133,216,7,True,
1152,37.5791,1.33878e+007,0.491124,218,5,True,
1158,28.4345,1.76934e+007,1.42885,220,3,False,
1164,21.7463,2.31351e+007,1.57382,221,2,False,
1168,83.415,6.03133e+006,0.239268,222,5,True,
1172,92.8074,5.42094e+006,0.0862528,223,2,False,
1174,27.1804,1.85098e+007,1.99199,223,2,False,
1176,40.8313,1.23215e+007,1.05221,224,5,True,
1177,17671.4,28469.9,0.792049,225,3,False,
1182,64.408,7.81119e+006,1.83488,225,2,False,
1183,24.737,2.03381e+007,5.31949,225,2,False,
1190,125.46,4.01007e+006,4.37316,227,10,True,
1198,38.2869,1.31403e+007,1.32886,230,4,False,
1209,436.412,1.15282e+006,0.775893,233,2,False,
1214,166.749,3.01712e+006,0.339327,233,2,False,
1222,268.551,1.8734e+006,0.962683,235,2,False,
1223,3073.29,163702,1.15007,234,2,False,
1229,73.7814,6.81883e+006,0.231795,237,6,True,
1230,30.7207,1.63767e+007,1.6251,237,3,False,
1231,4181.23,120324,0.550776,244,4,False,
1232,275.42,1.82668e+006,0.240158,279,2,False,
1233,1552.96,323963,3.50157,237,2,False,
1245,148.881,3.37922e+006,0.277099,239,2,False,
1246,216.935,2.31914e+006,0.482332,239,2,False,
1258,36.0673,1.3949e+007,0.210915,241,2,False,
1264,17.3371,2.90189e+007,1.59699,242,3,False,
1271,381.629,1.31831e+006,0.137014,243,2,False,
1278,223.855,2.24745e+006,0.12381,244,3,False,
1281,109.448,4.59673e+006,0.255206,244,5,True,
1286,262.129,1.91929e+006,2.86211,256,2,False,
1288,5172.05,97273.4,1.44595,245,2,False,
1289,932.113,539744,0.356543,245,2,False,
1290,18.7804,2.67887e+007,0.545474,245,3,False,
1300,24.0686,2.09028e+007,1.35438,248,2,False,
1302,58.7958,8.55678e+006,1.72742,237,7,True,
1314,53.4129,9.41913e+006,1.74965,251,17,True,
1315,328.209,1.53288e+006,0.761569,251,2,False,
1318,64.3459,7.81873e+006,0.499515,252,2,False,
1319,113.451,4.43454e+006,0.713488,252,3,False,
1320,46.6676,1.07806e+007,0.117198,253,3,False,
1322,41.8218,1.20297e+007,0.139507,254,2,False,
1323,362.522,1.38779e+006,0.0907348,254,4,False,
1339,192.95,2.60743e+006,1.14552,257,3,False,
1340,28.9102,1.74022e+007,2.09536,257,2,False,
1346,274.999,1.82947e+006,2.98432,244,12,True,
1352,72.6043,6.92939e+006,2.65833,259,9,True,
1354,56.0018,8.9837e+006,1.99261,260,3,False,
1358,163.523,3.07664e+006,0.251865,262,8,True,
1359,297.193,1.69285e+006,0.265624,262,2,False,
1360,563.433,892925,0.149488,262,2,False,
1366,39.1764,1.2842e+007,1.19401,262,5,True,
1367,174.474,2.88354e+006,0.208283,263,4,False,
1370,13.1447,3.82743e+007,1.31907,264,2,False,
1379,27.2363,1.84718e+007,2.49903,266,2,False,
1391,105.396,4.77345e+006,0.977552,268,4,False,
1403,14.5548,3.45662e+007,1.71139,269,2,False,
1405,29.1071,1.72845e+007,2.63222,269,6,True,
1408,48.3648,1.04023e+007,0.07087,269,2,False,
1409,79.1478,6.3565e+006,2.93533,269,2,False,
1416,12.377,4.06482e+007,0.149452,270,2,False,
1419,84.4757,5.95559e+006,0.340228,270,2,False,
1427,68.5368,7.34063e+006,2.44352,271,20,True,
1434,59.7148,8.4251e+006,3.03185,273,2,False,
1440,18.2461,2.75732e+007,0.85641,273,2,False,
1444,266.689,1.88648e+006,0.30623,273,2,False,
1456,531.448,946664,2.67093,275,2,False,
1457,84.9379,5.92319e+006,2.27184,275,2,False,
1475,1785.12,281832,1.74157,278,2,False,
1481,14.6245,3.44014e+007,1.26644,279,2,False,
1498,121.75,4.13225e+006,1.42877,280,8,True,
1500,38.7605,1.29798e+007,2.01578,281,4,False,
1501,24.1635,2.08208e+007,1.07019,281,2,False,
1508,2345.76,214474,0.252914,277,2,False,
1509,102.974,4.88574e+006,0.549559,237,40,True,
1510,23.0186,2.18563e+007,0.52749,282,2,False,
1512,123.593,4.07063e+006,0.437948,282,93,True,
1518,28.3433,1.77503e+007,2.18219,283,2,False,
1519,137.563,3.65724e+006,0.564957,283,2,False,
1530,47.0638,1.06898e+007,0.0712951,284,2,False,
1531,50.7618,9.91107e+006,0.291368,284,2,False,
1532,96.0924,5.23562e+006,0.302175,290,2,False,
1535,1770.6,284143,0.659636,285,2,False,
1537,37.4859,1.34211e+007,2.20825,285,2,False,
1543,9843.31,51111.2,1.3306,286,2,False,
1548,19.2032,2.61989e+007,1.54578,287,3,False,
1554,72.6316,6.92678e+006,0.0768603,289,2,False,
1567,514.399,978040,1.91233,291,2,False,
1584,264.591,1.90143e+006,1.3935,292,3,False,
1585,300.247,1.67563e+006,0.245967,285,5,False,
1586,573.433,877353,1.67313,293,6,False,
1600,38.4908,1.30707e+007,2.50293,295,12,True,
1602,31.6857,1.58779e+007,0.205984,296,4,False,
1611,46.9076,1.07254e+007,3.03612,299,3,False,
1632,48.2608,1.04247e+007,2.27359,302,6,True,
1645,1506.19,334023,2.71181,305,2,False,
1646,30.2322,1.66413e+007,1.7288,306,2,False,
1657,23.7854,2.11518e+007,1.61246,307,3,False,
1668,74.4541,6.75722e+006,0.27247,309,2,False,
1670,206.732,2.4336e+006,0.0700651,309,2,False,
1673,150.965,3.33258e+006,1.86455,310,2,False,
1678,80.2782,6.267e+006,3.0982,310,15,True,
1680,40.5685,1.24013e+007,3.92655,311,4,False,
1697,31.4606,1.59915e+007,0.836741,312,3,False,
1701,94.2054,5.34049e+006,6.4433,312,6,True,
1705,18.1521,2.77159e+007,0.0695126,312,2,False,
1709,73.3198,6.86177e+006,0.0988188,313,2,False,
1727,36.9505,1.36156e+007,0.718787,315,2,False,
1735,102.873,4.89051e+006,0.435069,315,3,False,
1745,14.278,3.52361e+007,2.17399,316,2,False,
1746,143.912,3.49591e+006,2.10601,316,2,False,
1772,14.507,3.468e+007,1.53049,319,2,False,
1801,1485.75,338620,0.153553,321,2,False,
1806,21.9887,2.28801e+007,2.67252,322,3,False,
1808,41.1388,1.22294e+007,0.882894,322,3,False,
1835,33.5869,1.49792e+007,6.95242,326,2,False,
1838,75.8091,6.63645e+006,2.34146,326,5,True,
1852,14.3087,3.51605e+007,4.6085,329,2,False,
1866,49.1028,1.02459e+007,0.063843,330,2,False,
1871,52.9387,9.5035e+006,2.3917,331,13,True,
1873,109.472,4.59574e+006,0.231789,332,3,False,
1874,187.235,2.68702e+006,0.428965,332,2,False,
1875,52.7128,9.54423e+006,2.82137,332,25,True,
1886,513.821,979140,2.1306,333,2,False,
1887,325.171,1.54719e+006,0.300435,333,2,False,
1894,135.009,3.72643e+006,0.199646,336,2,False,
1898,16.7374,3.00587e+007,1.93585,338,2,False,
1900,122.33,4.11268e+006,0.421812,342,18,True,
1902,971.718,517746,2.33806,344,2,False,
1904,89.4093,5.62697e+006,2.80314,346,3,False,
1907,63.8242,7.88264e+006,0.347701,347,3,False,
1910,21.9198,2.2952e+007,0.404695,348,3,False,
1928,28315.7,17767.7,3.7347,380,2,False,
1941,307.315,1.63709e+006,0.0772208,356,2,False,
1949,431.604,1.16566e+006,3.2327,359,2,False,
1950,23.025,2.18503e+007,0.242367,359,2,False,
1955,43.7778,1.14922e+007,1.49749,361,2,False,
1956,342.997,1.46678e+006,0.188597,362,3,False,
1959,80.1746,6.27509e+006,3.07385,362,19,True,
1961,110.201,4.56531e+006,0.619594,363,10,True,
1963,38.7483,1.29839e+007,0.586204,363,2,False,
1965,2386.61,210803,0.170159,364,3,False,
1966,117.261,4.29046e+006,0.225246,364,5,True,
1969,251.05,2.004e+006,0.220185,365,2,False,
1974,51.4623,9.77614e+006,0.176574,367,2,False,
1975,19.201,2.62019e+007,0.550044,367,2,False,
1996,554.032,908075,0.0873968,370,2,False,
2007,95.3596,5.27585e+006,0.924535,374,3,False,
2010,16.6493,3.02177e+007,0.296512,374,2,False,
2012,18.7057,2.68958e+007,0.188194,374,2,False,
2014,40.177,1.25222e+007,0.287553,375,2,False,
2017,109.683,4.58688e+006,0.474526,376,39,True,
2019,13.1799,3.81719e+007,3.21495,377,2,False,
2025,14.8412,3.38991e+007,0.356701,377,2,False,
2026,33.0098,1.5241e+007,0.411904,377,3,False,
2027,74.5657,6.74711e+006,0.255715,378,3,False,
2035,15.7382,3.19669e+007,0.0746908,378,2,False,
2036,860.067,584958,0.451828,378,2,False,
2041,111.132,4.52709e+006,0.248254,379,2,False,
2048,28315.7,17767.7,0.441701,382,3,False,
2050,68.1472,7.38259e+006,0.0913246,380,2,False,
2068,43.2893,1.16219e+007,0.949884,381,2,False,
2069,829.905,606218,0.0450446,382,2,False,
2071,277.617,1.81222e+006,0.435117,382,2,False,
2082,73.8488,6.81261e+006,3.72005,382,7,True,
2084,44.8307,1.12223e+007,3.40574,350,30,True,
2085,1798.97,279662,0.291709,385,2,False,
2092,139.903,3.59608e+006,0.982315,383,2,False,
2094,49.8847,1.00853e+007,3.43258,383,17,True,
2100,99.1869,5.07227e+006,0.863319,384,2,False,
2101,16.0846,3.12785e+007,2.13177,384,2,False,
2102,359.139,1.40086e+006,0.283618,385,2,False,
2108,269.699,1.86543e+006,0.209496,380,2,False,
2109,97.383,5.16623e+006,1.15791,386,2,False,
2114,17.6031,2.85804e+007,0.174753,383,2,False,
2115,100.949,4.98375e+006,0.698383,388,5,True,
2120,12.3323,4.07957e+007,0.395045,388,2,False,
2124,669.146,751858,0.208645,389,2,False,
2134,42.6046,1.18087e+007,1.426,390,5,True,
2135,35.7341,1.40791e+007,1.61248,390,4,False,
2139,1110.2,453163,0.272616,421,2,False,
2143,30.9988,1.62298e+007,0.0581611,393,4,False,
2147,61.5439,8.1747e+006,0.826711,393,2,False,
2150,215.881,2.33047e+006,0.733021,394,3,False,
2151,79.603,6.32015e+006,0.193206,394,2,False,
2153,52.4029,9.60067e+006,0.399096,394,4,False,
2162,36.8948,1.36361e+007,0.420185,395,3,False,
2163,36.1857,1.39034e+007,1.89234,395,3,False,
2166,83.195,6.04727e+006,0.248742,396,2,False,
2167,26.6619,1.88698e+007,1.25324,396,3,False,
2170,49.7238,1.0118e+007,0.72563,396,2,False,
2188,20.5386,2.44955e+007,3.24367,398,6,True,
2189,45.3306,1.10985e+007,1.28307,398,3,False,
2190,102.679,4.89976e+006,0.52406,401,2,False,
2192,15.0693,3.33861e+007,0.0935066,399,2,False,
2194,24.8825,2.02191e+007,0.393198,399,2,False,
2198,332.78,1.51182e+006,1.47395,404,19,True,
2201,18.7913,2.67732e+007,1.84128,401,2,False,
2205,265.034,1.89826e+006,0.375161,401,2,False,
2218,27.8096,1.8091e+007,0.55201,399,2,False,
2219,1012.49,496897,1.56634,404,3,False,
2229,94.7447,5.31009e+006,0.491737,405,3,False,
2231,336.455,1.4953e+006,0.438677,405,2,False,
2233,24.3402,2.06696e+007,2.63226,405,5,True,
2234,27.3378,1.84032e+007,2.20464,406,2,False,
2238,262.664,1.91538e+006,0.111275,407,2,False,
2239,20.326,2.47516e+007,1.7572,407,3,False,
2249,21.1716,2.37632e+007,0.265583,409,2,False,
2256,944.239,532813,0.385152,410,2,False,
2268,148.59,3.38585e+006,4.927,411,2,False,
2277,231.771,2.1707e+006,0.584228,413,2,False,
2286,47.3925,1.06157e+007,0.149886,414,6,True,
2292,56.8076,8.85626e+006,0.436853,414,2,False,
2302,28315.7,17767.7,2.76665,415,2,False,
2307,40.7176,1.23559e+007,0.212253,416,2,False,
2329,141.333,3.5597e+006,0.193689,418,3,False,
2330,89.9644,5.59224e+006,3.14679,418,7,True,
2332,254.462,1.97712e+006,0.478623,419,2,False,
2333,2697.64,186497,0.142576,419,2,False,
2334,17.6841,2.84495e+007,1.76851,419,2,False,
2345,565.274,890017,0.75536,420,2,False,
2346,22.4565,2.24035e+007,0.0930896,420,2,False,
2353,126.596,3.9741e+006,0.432378,420,2,False,
2354,21.8184,2.30586e+007,1.51057,420,3,False,
2356,2667.88,188578,0.61248,421,2,False,
2361,56.4453,8.91311e+006,0.476652,422,5,True,
2375,18.773,2.67993e+007,0.228486,423,2,False,
2378,98.6623,5.09924e+006,0.377542,391,30,True,
2379,51.8738,9.6986e+006,2.69036,400,4,False,
2380,122.175,4.11789e+006,0.331629,424,41,True,
2383,187.662,2.68091e+006,0.390956,424,2,False,
2384,309.51,1.62548e+006,0.18644,424,2,False,
2387,542.788,926888,2.17419,424,7,False,
2394,92.9482,5.41272e+006,0.838879,425,2,False,
2401,16.9785,2.96317e+007,0.162328,426,2,False,
2402,28315.7,17767.7,0.426163,426,2,False,
2403,276.398,1.82022e+006,0.520231,426,2,False,
2404,1837.42,273809,1.01419,426,2,False,
2412,115.826,4.34361e+006,1.049,427,2,False,
2415,127.423,3.94829e+006,0.2546,428,19,True,
2428,60.141,8.3654e+006,3.69763,429,21,True,
2434,17.2425,2.91782e+007,1.02366,430,2,False,
2437,220.65,2.2801e+006,1.38483,430,2,False,
2446,20.555,2.44759e+007,1.07502,431,2,False,
2447,122.209,4.11673e+006,2.73506,432,2,False,
2451,28315.7,17767.7,0.150083,432,2,False,
2452,1407.19,357523,0.10495,432,2,False,
2453,256.231,1.96348e+006,3.18919,432,2,False,
2466,62.5079,8.04864e+006,2.0011,434,2,False,
2467,100.434,5.00929e+006,0.122962,435,7,True,
2470,75.6726,6.64841e+006,1.63772,435,4,False,
2472,941.474,534378,1.21586,437,2,False,
2475,16.9068,2.97575e+007,2.00912,438,4,False,
2489,38.1882,1.31743e+007,0.154911,439,2,False,
2491,183.176,2.74656e+006,0.3741,439,2,False,
2492,137.266,3.66516e+006,3.39585,439,2,False,
2495,49.5614,1.01511e+007,0.465941,440,2,False,
2505,93.429,5.38487e+006,0.175365,442,2,False,
2513,139.501,3.60645e+006,0.19998,442,2,False,
2517,13.2704,3.79116e+007,0.168161,442,2,False,
2521,62.2406,8.0832e+006,1.39861,442,3,False,
2522,209.478,2.4017e+006,0.10044,443,6,False,
2523,222.806,2.25803e+006,0.161688,443,2,False,
2527,48.7884,1.03119e+007,0.935847,443,4,False,
2536,235.009,2.14078e+006,0.227092,443,2,False,
2539,12.6653,3.97231e+007,0.977259,444,2,False,
2543,415.16,1.21183e+006,0.886992,445,4,False,
2544,35.5465,1.41534e+007,1.9084,446,2,False,
2547,404.592,1.24348e+006,0.279958,446,2,False,
2548,423.092,1.18911e+006,1.70146,446,2,False,
2554,42.4193,1.18602e+007,0.445428,448,2,False,
2555,18710.2,26889.3,2.64225,448,2,False,
2560,43.3946,1.15937e+007,0.303935,450,3,False,
2564,13.3791,3.76036e+007,3.63984,450,3,False,
2581,269.521,1.86665e+006,0.0915676,454,3,False,
2582,79.6723,6.31466e+006,0.0535007,454,3,False,
2586,645.592,779289,1.53401,456,3,False,
2587,145.868,3.44904e+006,2.35323,455,3,False,
2589,28315.7,17767.7,0.255586,456,2,False,
2592,104.166,4.82982e+006,0.159837,456,2,False,
2595,197.76,2.544e+006,1.64789,456,6,True,
2610,19.5812,2.56931e+007,1.30013,458,2,False,
2612,51.6834,9.73433e+006,1.39126,458,2,False,
2636,106.926,4.70515e+006,5.56689,454,2,False,
2644,97.5535,5.1572e+006,2.34353,461,2,False,
2647,25.5234,1.97114e+007,0.174247,461,2,False,
2652,65.6685,7.66125e+006,0.53394,462,2,False,
2654,62.8329,8.00701e+006,4.0871,469,2,False,
2656,44.1825,1.13869e+007,1.87255,463,2,False,
2660,16.1144,3.12208e+007,0.0951849,464,2,False,
2663,21.0514,2.38988e+007,0.108388,465,2,False,
2667,12.5392,4.01223e+007,2.77317,465,2,False,
2668,147.665,3.40706e+006,5.569,465,3,False,
2679,758.723,663092,0.225187,466,2,False,
2686,14.1445,3.55688e+007,0.100604,467,2,False,
2694,20.0236,2.51256e+007,0.311725,468,2,False,
2695,663.221,758575,0.196888,468,2,False,
2696,50.9617,9.87218e+006,2.66944,468,9,True,
2698,88.0998,5.7106e+006,0.449513,469,52,True,
2712,717.05,701629,0.585317,471,2,False,
2715,40.321,1.24775e+007,2.81891,471,15,True,
2716,115.484,4.35646e+006,4.20571,462,7,True,
2726,67.7443,7.4265e+006,0.210715,474,3,False,
2735,69.0345,7.2877e+006,0.241894,475,2,False,
2740,20.3096,2.47716e+007,0.210107,477,2,False,
2748,44.8683,1.12129e+007,0.560102,478,2,False,
2751,16.0807,3.12861e+007,2.9595,478,2,False,
2760,39.5159,1.27317e+007,1.41917,480,3,False,
2761,53.2661,9.44508e+006,2.83411,480,9,True,
2767,160.342,3.13768e+006,0.237731,484,8,True,
2772,50.5328,9.95596e+006,1.31466,485,2,False,
2780,13.6842,3.67653e+007,0.341124,486,2,False,
2781,1163.85,432274,0.0848373,486,2,False,
2785,253908,1981.44,3.00184,486,2,False,
2789,30793.2,16338.1,0.11394,488,2,False,
2795,33.8184,1.48766e+007,1.79061,488,2,False,
2798,34.6038,1.45389e+007,0.239894,489,2,False,
2803,68.3554,7.3601e+006,2.81448,489,16,True,
2804,723.9,694989,0.455641,489,2,False,
2811,71.9582,6.9916e+006,3.08356,490,2,False,
2816,28315.7,17767.7,0.332126,492,2,False,
2820,28315.7,17767.7,0.0817928,492,2,False,
2821,28315.7,17767.7,0.117944,492,2,False,
2822,28315.7,17767.7,0.3866,492,2,False,
2823,28315.7,17767.7,1.37164,492,2,False,
2824,28315.7,17767.7,0.11008,492,2,False,
2825,28315.7,17767.7,4.16146,492,2,False,
2826,28315.7,17767.7,0.928242,492,2,False,
2845,2817.47,178566,1.90265,495,2,False,
2846,426.678,1.17912e+006,0.306319,495,2,False,
2857,21.1062,2.38368e+007,2.27367,497,2,False,
2860,30.6549,1.64118e+007,1.06552,497,2,False,
2863,33.4971,1.50193e+007,2.82237,497,3,False,
2875,1829.16,275047,0.390072,500,3,False,
2877,77.3546,6.50385e+006,1.82585,498,5,True,
2878,71.1099,7.07501e+006,2.79116,498,2,False,
2879,131.642,3.82174e+006,1.78824,498,2,False,
2898,106.835,4.70914e+006,0.214072,501,2,False,
2904,62647,8030.76,1.09448,501,2,False,
2911,17.6952,2.84317e+007,2.69151,502,4,False,
2919,96.2271,5.22829e+006,0.412278,498,2,False,
2928,369.093,1.36308e+006,0.276466,505,3,False,
2929,53.0961,9.47533e+006,0.11726,505,2,False,
2932,47.7632,1.05333e+007,0.203594,506,5,True,
2933,28.3714,1.77328e+007,0.254322,506,2,False,
2934,29.4209,1.71002e+007,4.53242,506,2,False,
2935,80.4243,6.25561e+006,1.21629,506,3,False,
2938,119.61,4.20619e+006,1.85628,506,24,True,
2964,26.1464,1.92418e+007,2.19189,509,2,False,
2968,43.7337,1.15038e+007,1.21984,509,2,False,
2972,202.818,2.48056e+006,0.840835,510,3,False,
2976,14.3436,3.50752e+007,1.52358,511,3,False,
2982,49.6001,1.01432e+007,0.232866,512,2,False,
2987,32.7359,1.53685e+007,3.93473,512,6,True,
2989,627.623,801601,0.273024,513,2,False,
2994,22.6065,2.22548e+007,0.311146,514,2,False,
2995,385.618,1.30467e+006,0.789741,514,3,False,
3000,98.4501,5.11023e+006,0.921791,515,2,False,
3013,161.603,3.11321e+006,0.410047,516,2,False,
3020,403.833,1.24582e+006,0.640915,518,7,False,
3024,29.8387,1.68608e+007,0.233366,518,2,False,
3033,12.5613,4.00519e+007,0.723276,519,2,False,
3042,377.733,1.3319e+006,7.29939,521,2,False,
3046,69.2066,7.26958e+006,0.171974,522,7,True,
3047,27.6082,1.82229e+007,3.89886,522,2,False,
3048,12.7153,3.95668e+007,1.17079,522,2,False,
3057,56.6344,8.88335e+006,0.376607,523,3,False,
3081,66.8448,7.52644e+006,4.89509,533,2,False,
3095,1719.04,292665,0.30259,528,2,False,
3106,1308.75,384414,0.308871,528,3,False,
3110,178.196,2.82331e+006,0.625462,529,3,False,
3112,58.5298,8.59567e+006,1.02951,529,2,False,
3119,298.326,1.68642e+006,0.184493,531,3,False,
3124,223.433,2.25169e+006,2.13229,531,2,False,
3131,613.214,820437,2.05879,537,3,False,
3133,440.115,1.14312e+006,2.17993,533,2,False,
3134,89.8843,5.59723e+006,0.550947,533,2,False,
3136,331.193,1.51906e+006,0.822567,534,6,False,
3145,20.9757,2.3985e+007,2.43818,535,2,False,
3146,47.4129,1.06111e+007,3.96955,525,8,True,
3147,56.2815,8.93904e+006,0.19816,536,2,False,
3159,34.3498,1.46465e+007,0.375337,537,2,False,
3162,49.0759,1.02515e+007,2.11211,537,4,False,
3177,24.8624,2.02355e+007,2.25198,540,3,False,
3182,321.538,1.56468e+006,2.02039,533,4,False,
3183,43.2468,1.16333e+007,0.957553,541,2,False,
3185,412.951,1.21831e+006,0.569315,541,5,False,
3188,104.949,4.79377e+006,1.31507,541,3,False,
3189,62.8132,8.00951e+006,0.887674,541,2,False,
3201,13.3886,3.75769e+007,0.540297,542,2,False,
3206,88.7119,5.6712e+006,0.335151,543,82,True,
3219,18.7345,2.68543e+007,0.190072,544,2,False,
3220,26.1469,1.92414e+007,1.68989,544,2,False,
3230,48.8362,1.03019e+007,0.0945838,545,2,False,
3233,334.046,1.50609e+006,1.39633,545,2,False,
3236,133.479,3.76916e+006,8.43598,545,3,False,
3237,173.79,2.89489e+006,1.50224,545,101,True,
3238,48.2879,1.04188e+007,1.56896,546,2,False,
3243,88.2235,5.7026e+006,1.10754,547,2,False,
3246,190.365,2.64283e+006,1.10288,547,6,True,
3251,17.3942,2.89237e+007,0.449453,547,2,False,
3259,1755.83,286533,0.669245,548,2,False,
3261,22.1839,2.26787e+007,0.28519,548,3,False,
3265,86.1471,5.84004e+006,0.252825,549,2,False,
3272,157.356,3.19723e+006,1.73921,550,2,False,
3277,71.062,7.07977e+006,8.21209,550,2,False,
3279,23.7095,2.12195e+007,1.62431,551,2,False,
3285,117.914,4.26668e+006,0.163759,552,2,False,
3290,44.6502,1.12677e+007,4.78635,552,7,True,
3295,45.9104,1.09584e+007,4.41158,553,2,False,
3300,1402.58,358699,0.390158,554,2,False,
3302,13.4735,3.73401e+007,1.42527,554,2,False,
3306,29.4848,1.70631e+007,1.26479,555,3,False,
3313,172.182,2.92193e+006,0.75238,556,12,True,
3333,92.3922,5.4453e+006,0.657236,560,2,False,
3335,38.9632,1.29123e+007,0.186351,560,2,False,
3340,31.1333,1.61597e+007,1.47138,560,3,False,
3347,83.2859,6.04067e+006,0.9994,561,2,False,
3356,1551.91,324183,0.365629,562,2,False,
3363,36.7888,1.36754e+007,4.02739,563,2,False,
3366,26.4651,1.901e+007,0.159776,563,2,False,
3368,62.909,7.99732e+006,3.1856,563,12,True,
3384,147.604,3.40847e+006,1.79806,565,2,False,
3386,425.784,1.18159e+006,0.279153,565,2,False,
3394,88.1291,5.70871e+006,0.541392,566,2,False,
3396,80.0358,6.28597e+006,1.24496,566,6,True,
3418,32.9351,1.52756e+007,1.33773,571,2,False,
3426,17.3865,2.89365e+007,0.139552,572,2,False,
3435,16.7926,2.99598e+007,0.303492,573,2,False,
3436,28315.7,17767.7,0.539595,573,2,False,
3439,236.467,2.12758e+006,2.22893,574,2,False,
3441,32.9303,1.52778e+007,1.02525,574,2,False,
3446,136.086,3.69695e+006,0.721495,575,2,False,
3447,59.1024,8.51239e+006,0.547476,575,3,False,
3450,13.0522,3.85455e+007,2.37384,576,2,False,
3457,20.0169,2.51339e+007,2.82615,576,2,False,
3467,35.5218,1.41632e+007,0.979805,577,3,False,
3492,201.712,2.49417e+006,0.994845,580,3,False,
3493,141.405,3.55788e+006,0.308083,580,2,False,
3494,507.565,991208,0.261285,581,2,False,
3495,160.977,3.12531e+006,2.1498,580,3,False,
3498,143.165,3.51415e+006,0.142725,581,2,False,
3499,177.335,2.83702e+006,0.208323,581,2,False,
3500,139.895,3.5963e+006,0.265854,581,13,True,
3503,24.3848,2.06318e+007,0.52469,582,2,False,
3506,1689.15,297844,0.293185,582,6,False,
3519,43.309,1.16166e+007,5.08627,583,3,False,
3520,39.3762,1.27768e+007,3.00457,583,2,False,
3536,47.9781,1.04861e+007,0.158102,585,2,False,
3567,215.159,2.33829e+006,0.570917,588,17,True,
3579,57645.5,8727.54,0.602396,593,2,False,
3580,30.5969,1.6443e+007,1.87084,589,3,False,
3581,29.2289,1.72125e+007,1.69665,590,2,False,
3594,135.247,3.71987e+006,0.344126,591,2,False,
3598,37.2252,1.35151e+007,2.09888,592,3,False,
3606,106.425,4.72731e+006,0.705479,592,2,False,
3607,240.049,2.09583e+006,4.13622,592,4,False,
3623,1141.08,440900,0.484494,589,4,False,
3626,4045.16,124372,0.518301,596,2,False,
3627,28315.7,17767.7,0.694071,596,2,False,
3635,60860.7,8266.47,2.70398,597,2,False,
3636,248.2,2.02701e+006,0.137986,598,2,False,
3640,2129.67,236235,0.703975,599,2,False,
3642,297.654,1.69023e+006,0.522875,600,2,False,
3647,76.9067,6.54173e+006,3.75043,600,54,True,
3653,532.683,944470,0.128451,603,2,False,
3655,393.017,1.28011e+006,0.91258,603,8,False,
3656,260.718,1.92969e+006,0.727759,603,8,True,
3659,59.3674,8.4744e+006,1.8566,604,2,False,
3677,53.6342,9.38026e+006,0.817439,606,2,False,
3678,35.6074,1.41292e+007,1.13176,606,2,False,
3682,17.5351,2.86911e+007,0.433893,607,2,False,
3685,51.4987,9.76925e+006,0.422413,607,2,False,
3691,867.784,579756,0.309424,608,3,False,
3693,26.2557,1.91617e+007,1.72088,609,2,False,
3720,39.9799,1.25839e+007,0.39774,614,3,False,
3727,441.785,1.1388e+006,0.780682,614,5,False,
3737,149.551,3.36409e+006,0.208653,616,2,False,
3749,277.537,1.81274e+006,0.561772,618,2,False,
3769,23.9852,2.09756e+007,0.676487,621,2,False,
3773,109.484,4.59522e+006,0.873851,621,3,False,
3788,358.56,1.40312e+006,0.245421,624,3,False,
3795,741.061,678896,0.193065,623,2,False,
3806,14.3396,3.50849e+007,0.12224,625,2,False,
3807,102.709,4.89833e+006,0.286261,626,10,True,
3809,363.948,1.38235e+006,0.406377,626,13,True,
3811,28315.7,17767.7,0.889087,638,2,False,
3814,99.4689,5.05789e+006,0.12954,627,2,False,
3821,293.768,1.71258e+006,0.112704,622,2,False,
3833,3272.41,153741,0.485742,630,2,False,
3838,112.323,4.47906e+006,0.429544,631,25,True,
3841,28315.7,17767.7,0.672517,632,2,False,
3852,525.922,956612,0.421134,635,4,False,
3862,1652.66,304421,1.48805,649,2,False,
3863,585.886,858704,0.728059,626,12,False,
3866,28315.7,17767.7,0.289098,641,3,False,
3867,205.91,2.44331e+006,0.196768,642,2,False,
3868,28315.7,17767.7,0.678464,643,2,False,
3872,31.1001,1.61769e+007,1.51283,644,4,False,
3874,16534.2,30428.1,0.458038,644,2,False,
3877,21.253,2.36721e+007,1.31339,645,2,False,
3878,61.2388,8.21542e+006,0.264946,646,2,False,
3880,608.13,827295,0.513657,646,8,False,
3884,220.61,2.28051e+006,0.512277,647,3,False,
3886,131.531,3.82499e+006,1.8381,647,48,True,
3887,117.75,4.27262e+006,0.0945838,648,2,False,
3888,82.2501,6.11675e+006,0.32098,648,40,True,
3896,54.0151,9.31412e+006,3.03075,651,2,False,
3900,34.7907,1.44609e+007,0.197425,651,2,False,
3902,339.361,1.4825e+006,0.80709,651,2,False,
3907,92.9678,5.41159e+006,1.49977,640,9,True,
3908,67.1912,7.48763e+006,1.67112,652,16,True,
3913,23.4308,2.14719e+007,2.5249,654,2,False,
3914,815.33,617055,0.644111,654,2,False,
3915,64.6417,7.78295e+006,3.98661,654,23,True,
3916,22.5033,2.23569e+007,1.87633,654,2,False,
3917,376.145,1.33752e+006,0.208026,655,2,False,
3921,4247.82,118438,0.269966,655,2,False,
3928,255.679,1.96771e+006,0.271816,657,3,False,
3930,5549.28,90660.9,0.774348,658,2,False,
3934,152.118,3.30731e+006,0.312163,661,4,False,
3935,1443.4,348553,0.729023,661,2,False,
3943,191.487,2.62735e+006,0.144447,664,2,False,
3952,5560.81,90472.9,0.521199,668,2,False,
3956,500.35,1.0055e+006,0.351281,668,2,False,
3964,60.0409,8.37934e+006,1.27274,670,2,False,
3965,130467,3856.17,0.539673,670,3,False,
3966,902.268,557598,0.37928,666,2,False,
3970,467.702,1.07569e+006,0.191464,671,3,False,
3972,195.501,2.57341e+006,0.617918,672,2,False,
3973,14.6557,3.43282e+007,1.00275,673,2,False,
3975,33.9851,1.48036e+007,0.311195,673,3,False,
3976,1869.75,269075,0.351828,675,2,False,
3982,1423.1,353526,1.22299,673,3,False,
3989,218.223,2.30546e+006,0.207965,675,2,False,
3992,28315.7,17767.7,1.56932,687,2,False,
3995,28315.7,17767.7,0.96491,677,2,False,
3996,18.1496,2.77197e+007,0.673362,677,2,False,
3999,25.8575,1.94568e+007,1.14514,677,5,True,
4000,715.243,703402,0.468906,677,3,False,
4003,314.683,1.59876e+006,0.598172,673,2,False,
4011,80.3005,6.26525e+006,4.22768,678,26,True,
4015,60.4199,8.32677e+006,0.871162,679,3,False,
4018,419.805,1.19842e+006,1.5151,680,3,False,
4019,12.3476,4.07449e+007,0.106046,681,2,False,
4023,310.856,1.61845e+006,0.0753854,682,2,False,
4027,3364.93,149514,0.378511,682,2,False,
4035,216.028,2.32888e+006,1.27279,683,2,False,
4037,860.191,584874,0.181445,687,2,False,
4042,130.379,3.85878e+006,1.3174,684,2,False,
4050,144.713,3.47655e+006,0.858686,685,2,False,
4054,26.3584,1.9087e+007,2.12788,685,4,False,
4064,390.403,1.28867e+006,1.4196,686,2,False,
4068,236.912,2.12358e+006,0.351631,687,2,False,
4075,43.6349,1.15298e+007,0.324602,688,3,False,
4076,63.2944,7.94862e+006,0.210191,689,14,True,
4082,29.8472,1.68559e+007,1.95652,689,2,False,
4083,99.8453,5.03882e+006,1.61674,676,11,True,
4084,72.4632,6.94288e+006,0.380451,684,3,False,
4092,723.179,695683,0.511847,690,2,False,
4098,73.7776,6.81918e+006,1.64566,691,2,False,
4100,322.159,1.56166e+006,1.58326,691,8,False,
4109,343.879,1.46302e+006,1.56977,691,12,True,
4123,626.751,802716,0.153162,693,3,False,
4126,122.266,4.11482e+006,0.350285,693,2,False,
4132,120.41,4.17824e+006,0.329808,695,11,True,
4133,450.933,1.11569e+006,1.74105,695,2,False,
4141,277.345,1.814e+006,0.537404,697,7,False,
4148,66.5615,7.55847e+006,0.379984,699,2,False,
4161,47.5594,1.05784e+007,1.75916,700,10,True,
4172,469.639,1.07125e+006,1.90098,701,2,False,
4174,15927.8,31586.4,1.27062,701,2,False,
4178,88.6819,5.67312e+006,2.03265,702,6,True,
4195,317.771,1.58323e+006,4.67639,705,7,False,
4213,299.429,1.68021e+006,0.840416,706,2,False,
4214,141.267,3.56136e+006,0.280546,707,6,True,
4222,30.958,1.62511e+007,0.719699,708,2,False,
4251,28315.7,17767.7,1.65515,711,2,False,
4252,53.8809,9.33731e+006,1.60852,710,8,True,
4263,53.1601,9.46391e+006,0.277578,712,2,False,
4270,71.3235,7.05382e+006,2.25516,712,2,False,
4275,35.2449,1.42745e+007,0.0271952,713,2,False,
4283,28315.7,17767.7,1.03836,713,2,False,
4284,38.1446,1.31894e+007,1.39067,713,3,False,
4286,17.3951,2.89221e+007,1.37763,714,3,False,
4293,80.3072,6.26473e+006,1.25471,715,2,False,
4297,282.59,1.78033e+006,1.82694,715,10,True,
4298,5129.61,98078.2,1.23005,715,3,False,
4307,36.9597,1.36122e+007,3.49071,716,9,True,
4309,82.0581,6.13106e+006,0.366911,717,2,False,
4316,19.1451,2.62784e+007,0.169652,717,2,False,
4318,305.191,1.64849e+006,0.244779,717,2,False,
4329,160.485,3.13488e+006,0.177284,718,2,False,
4335,15397.7,32673.9,0.849388,718,2,False,
4344,20.5058,2.45347e+007,1.78301,719,2,False,
4347,23.7244,2.12062e+007,0.609028,720,6,True,
4352,575.918,873567,0.084539,720,2,False,
4354,34.399,1.46255e+007,0.222712,720,2,False,
4358,21.7231,2.31598e+007,5.03132,721,2,False,
4359,28315.7,17767.7,0.679618,722,2,False,
4363,219.255,2.2946e+006,0.302667,721,2,False,
4371,21.7959,2.30825e+007,0.255311,722,2,False,
4374,249.242,2.01853e+006,1.48536,729,2,False,
4381,70.9132,7.09463e+006,1.93647,724,2,False,
4383,271.102,1.85577e+006,0.982115,724,2,False,
4395,1632.75,308133,0.132893,725,2,False,
4402,112.635,4.46668e+006,0.938655,725,2,False,
4412,36.1599,1.39133e+007,1.63274,727,2,False,
4413,686.363,732998,1.46421,727,3,False,
4415,118.479,4.24634e+006,1.76729,727,2,False,
4418,2198.7,228818,1.92406,728,2,False,
4420,57.8154,8.70188e+006,0.587777,729,2,False,
4422,137.018,3.6718e+006,0.29202,729,2,False,
4424,28.5267,1.76362e+007,2.46606,729,3,False,
4426,417.136,1.20609e+006,1.53886,730,2,False,
4432,3863.68,130214,0.912071,736,3,False,
4439,14.7382,3.4136e+007,2.47188,731,2,False,
4441,43.8136,1.14828e+007,1.82074,722,7,True,
4444,64.585,7.78978e+006,0.352025,732,4,False,
4445,255.173,1.97162e+006,0.176456,732,3,False,
4447,38.4789,1.30748e+007,1.79706,732,2,False,
4448,345.743,1.45513e+006,1.21539,747,2,False,
4449,182.772,2.75263e+006,0.621742,732,3,False,
4455,204.189,2.4639e+006,1.68174,732,4,False,
4456,96.8685,5.19367e+006,0.180369,733,4,False,
4461,31.7634,1.58391e+007,4.78504,734,2,False,
4466,273.934,1.83658e+006,0.196603,734,2,False,
4467,28.1595,1.78662e+007,0.524222,734,3,False,
4471,41.2309,1.22021e+007,1.97465,734,2,False,
4484,1358.07,370456,0.18444,736,2,False,
4485,462.983,1.08666e+006,4.90241,736,3,False,
4504,232,2.16855e+006,0.235437,738,2,False,
4514,69.0946,7.28136e+006,0.444192,739,2,False,
4515,72.6376,6.92621e+006,0.831821,739,2,False,
4524,675.806,744449,1.30953,731,5,False,
4531,1397.56,359985,4.8021,741,3,False,
4532,33.9688,1.48107e+007,1.35178,740,2,False,
4533,185.536,2.71162e+006,1.19565,740,2,False,
4542,64.6862,7.77759e+006,1.15809,741,2,False,
4545,264.243,1.90394e+006,0.462219,745,4,False,
4546,139.32,3.61113e+006,0.0850409,742,2,False,
4547,2018.5,249245,1.36005,742,5,False,
4550,172.756,2.91222e+006,0.801062,743,2,False,
4554,4425.17,113691,0.178421,743,2,False,
4555,19.8974,2.52849e+007,0.157538,743,4,False,
4574,319.393,1.57519e+006,5.55664,745,2,False,
4576,6949.06,72398.7,0.130944,746,2,False,
4587,40890.3,12303.7,3.3827,747,2,False,
4588,207.665,2.42267e+006,4.20315,747,2,False,
4592,95.9697,5.24231e+006,2.03951,732,15,True,
4593,1615.01,311517,0.331906,742,3,False,
